Name,Donating Company,Donor's First Name,Donor's Last Name,Donor Email,Make Donation Anonymous,Campaign,Amount Description,Amount,Fair Market Value,Fair Market Value Description,Tax Deductible Amount,Currency,Amount in USD,Processing Fee,Platform Fee,Tax Fee,Total Fee,Net Amount,Converted Net Amount,Net amount in USD,Fee Covered,Donor Comment,Internal Notes,Donated At,Phone,Address,Address 2,City,State / Province,Postal Code,Country,Employer,Occupation,Designation,Receipt Id,Donation Type,Card Type,Last 4 Digits,Stripe Charge Id,Pay Pal Transaction Id,Pay Pal Capture Id,Recurring Donation,Recurring Plan Id,Recurring Start Date,Join Mailing List,Dedication Type,Honoree Name,Recipient Name,Recipient Email,Recipient Address,Recipient Message,First Donation,Fundraiser,Donor Id,Status,Would you like to receive occasional updates from us? You can unsubscribe at any time.
Name 349,Company 119,Donor 585,Donor 586,Donor 587,no,OliveSeed Monthly Giving,Description 576,41.72,0.00,Description 577,41.72,USD,41.72,1.22,0.73,,1.95,39.77,39.77,39.77,yes,Donor 588,,01/07/24 08:18:26,,Address 351,Address 352,Menlo Park,CA,94025,United States,,,,37990570,stripe,visa,4902,ch_3OVz3OLpAglNISLQ10wpvBxV,,,yes,525934,2021-06-07,yes,,Name 350,Name 351,Email 119,Address 353,,,,Donor 589,paid,,
Name 352,Company 120,Donor 590,Donor 591,Donor 592,no,Kenya School Projects,Description 578,10.00,0.00,Description 579,10.00,USD,10.00,0.62,0.18,,0.80,9.20,9.20,9.20,no,Donor 593,,01/10/24 08:18:14,,Address 354,Address 355,Johannesburg,Gauteng,,South Africa,,,OliveSeed Kenya,38065954,stripe,mastercard,0994,ch_3OX4TqLpAglNISLQ1uFYFvIe,,,yes,544437,2021-07-10,no,,Name 353,Name 354,Email 120,Address 356,,,,Donor 594,paid,yes,
Name 355,Company 121,Donor 595,Donor 596,Donor 597,no,OliveSeed Monthly Giving,Description 580,5.49,0.00,Description 581,5.49,USD,5.49,0.6,,,0.60,4.89,,4.89,yes,Donor 598,,01/16/24 03:04:16,,Address 357,Address 358,West Tisbury,MA,02568,United States,,,,38203903,paypal,,,,0J883539N53511431,,yes,385997,2020-12-16,yes,,Name 356,Name 357,Email 121,Address 359,,,,Donor 599,paid,,
Name 358,Company 122,Donor 600,Donor 601,Donor 602,no,Oliveseed,Description 582,150.00,0.00,Description 583,150.00,USD,150.00,3.6,2.62,,6.22,143.78,143.78,143.78,no,Donor 603,,01/18/24 08:27:42,,Address 360,Address 361,,,,,,,Area of greatest need,38268847,stripe,visa,0693,ch_3OZyRPLpAglNISLQ1HTlsi20,,,yes,240611,2020-05-18,no,,Name 359,Name 360,Email 122,Address 362,,,,Donor 604,paid,,
Name 361,Company 123,Donor 605,Donor 606,Donor 607,no,Oliveseed,Description 584,53.00,0.00,Description 585,53.00,USD,53.00,1.47,0.93,,2.40,50.60,50.60,50.60,no,Donor 608,,01/23/24 08:24:22,,Address 363,Address 364,,,,,,,,38391704,stripe,visa,1435,ch_3ObmluLpAglNISLQ0M13U7KX,,,yes,66328,2018-10-22,yes,,Name 362,Name 363,Email 123,Address 365,,,,Donor 609,paid,,
Name 364,Company 124,Donor 610,Donor 611,Donor 612,no,Oliveseed General Campaign,Description 586,104.42,0.00,Description 587,104.42,USD,104.42,2.6,1.83,,4.43,99.99,99.99,99.99,yes,Donor 613,,02/03/24 21:01:03,,Address 366,Address 367,Carson,CA,90745,United States,,,,38717222,stripe,visa,5517,ch_3OfxpGLpAglNISLQ0HMm7AtM,,,no,,,yes,,Name 365,Name 366,Email 124,Address 368,,yes,,Donor 614,paid,,
Name 367,Company 125,Donor 615,Donor 616,Donor 617,no,Oliveseed General Campaign,Description 588,312.65,0.00,Description 589,312.65,USD,312.65,7.18,5.47,,12.65,300.00,300.00,300.00,yes,Donor 618,,02/05/24 12:33:53,,Address 369,Address 370,Pullman,WA,99163,United States,,,,38767401,stripe,visa,5749,ch_3OgYrYLpAglNISLQ0loymjph,,,yes,2353122,2024-02-05,yes,,Name 368,Name 369,Email 125,Address 371,,,,Donor 619,paid,,
Name 370,Company 126,Donor 620,Donor 621,Donor 622,no,OliveSeed Monthly Giving,Description 590,41.72,0.00,Description 591,41.72,USD,41.72,1.22,0.73,,1.95,39.77,39.77,39.77,yes,Donor 623,,02/07/24 08:17:25,,Address 372,Address 373,Menlo Park,CA,94025,United States,,,,38811051,stripe,visa,4902,ch_3OhDoQLpAglNISLQ0pkt2Vjh,,,yes,525934,2021-06-07,yes,,Name 371,Name 372,Email 126,Address 374,,,,Donor 624,paid,,
Name 373,Company 127,Donor 625,Donor 626,Donor 627,no,Oliveseed General Campaign,Description 592,50.00,0.00,Description 593,50.00,USD,50.00,1.75,0.88,,2.63,47.37,47.37,47.37,no,Donor 628,,02/14/24 13:55:22,,Address 375,Address 376,San Rafael,CA,94903,United States,,,,38998612,stripe,amex,2134,ch_3OjqQILpAglNISLQ1lezpoWN,,,no,,,no,,Name 374,Name 375,Email 127,Address 377,,yes,,Donor 629,paid,,
Name 376,Company 128,Donor 630,Donor 631,Donor 632,no,OliveSeed Monthly Giving,Description 594,5.49,0.00,Description 595,5.49,USD,5.49,0.6,,,0.60,4.89,,4.89,yes,Donor 633,,02/16/24 03:04:03,,Address 378,Address 379,West Tisbury,MA,02568,United States,,,,39031692,paypal,,,,3K291059X10981030,,yes,385997,2020-12-16,yes,,Name 377,Name 378,Email 128,Address 380,,,,Donor 634,paid,,
Name 379,Company 129,Donor 635,Donor 636,Donor 637,no,Oliveseed,Description 596,150.00,0.00,Description 597,150.00,USD,150.00,3.6,2.62,,6.22,143.78,143.78,143.78,no,Donor 638,,02/18/24 08:26:57,,Address 381,Address 382,,,,,,,Area of greatest need,39096738,stripe,visa,0693,ch_3OlDCgLpAglNISLQ1KwRcCa6,,,yes,240611,2020-05-18,no,,Name 380,Name 381,Email 129,Address 383,,,,Donor 639,paid,,
Name 382,Company 130,Donor 640,Donor 641,Donor 642,no,Oliveseed General Campaign,Description 598,52.37,0.00,Description 599,52.37,USD,52.37,1.45,0.92,,2.37,50.00,50.00,50.00,yes,Donor 643,,02/22/24 13:42:33,,Address 384,Address 385,Los Altos,,94024,United States,,,,39205424,stripe,mastercard,4154,ch_3Omk2JLpAglNISLQ0H8w0gba,,,no,,,yes,,Name 383,Name 384,Email 130,Address 386,,yes,,Donor 644,paid,,
Name 385,Company 131,Donor 645,Donor 646,Donor 647,no,Oliveseed,Description 600,53.00,0.00,Description 601,53.00,USD,53.00,1.47,0.93,,2.40,50.60,50.60,50.60,no,Donor 648,,02/23/24 08:24:42,,Address 387,Address 388,,,,,,,,39223536,stripe,visa,8905,ch_3On1YELpAglNISLQ1tm9XfLV,,,yes,66328,2018-10-22,yes,,Name 386,Name 387,Email 131,Address 389,,,,Donor 649,paid,,
Name 388,Company 132,Donor 650,Donor 651,Donor 652,no,Oliveseed General Campaign,Description 602,312.65,0.00,Description 603,312.65,USD,312.65,7.18,5.47,,12.65,300.00,300.00,300.00,yes,Donor 653,,03/05/24 08:35:42,,Address 390,Address 391,Pullman,WA,99163,United States,,,,39576267,stripe,visa,5749,ch_3Or0xuLpAglNISLQ1wNrOa9Y,,,yes,2353122,2024-02-05,yes,,Name 389,Name 390,Email 132,Address 392,,,,Donor 654,paid,,
Name 391,Company 133,Donor 655,Donor 656,Donor 657,no,OliveSeed Monthly Giving,Description 604,41.72,0.00,Description 605,41.72,USD,41.72,1.22,0.73,,1.95,39.77,39.77,39.77,yes,Donor 658,,03/07/24 08:18:38,,Address 393,Address 394,Menlo Park,CA,94025,United States,,,,39629001,stripe,visa,4902,ch_3OrjeULpAglNISLQ0PTr4USx,,,yes,525934,2021-06-07,yes,,Name 392,Name 393,Email 133,Address 395,,,,Donor 659,paid,,
Name 394,Company 134,Donor 660,Donor 661,Donor 662,no,OliveSeed Monthly Giving,Description 606,5.49,0.00,Description 607,5.49,USD,5.49,0.6,,,0.60,4.89,,4.89,yes,Donor 663,,03/16/24 04:30:42,,Address 396,Address 397,West Tisbury,MA,02568,United States,,,,39891800,paypal,,,,33056670TD307391P,,yes,385997,2020-12-16,yes,,Name 395,Name 396,Email 134,Address 398,,,,Donor 664,paid,,
Name 397,Company 135,Donor 665,Donor 666,Donor 667,no,Oliveseed,Description 608,150.00,0.00,Description 609,150.00,USD,150.00,3.6,2.62,,6.22,143.78,143.78,143.78,no,Donor 668,,03/18/24 09:13:04,,Address 399,Address 400,,,,,,,Area of greatest need,39953723,stripe,visa,0693,ch_3Ovio8LpAglNISLQ0bqSLagt,,,yes,240611,2020-05-18,no,,Name 398,Name 399,Email 135,Address 401,,,,Donor 669,paid,,
Name 400,Company 136,Donor 670,Donor 671,Donor 672,no,Oliveseed,Description 610,53.00,0.00,Description 611,53.00,USD,53.00,1.47,0.93,,2.40,50.60,50.60,50.60,no,Donor 673,,03/23/24 09:25:07,,Address 402,Address 403,,,,,,,,40100379,stripe,visa,8905,ch_3OxXNXLpAglNISLQ13mMxyfM,,,yes,66328,2018-10-22,yes,,Name 401,Name 402,Email 136,Address 404,,,,Donor 674,paid,,
Name 403,Company 137,Donor 675,Donor 676,Donor 677,no,Oliveseed General Campaign,Description 612,52.37,0.00,Description 613,52.37,USD,52.37,1.45,0.92,,2.37,50.00,50.00,50.00,yes,Donor 678,,03/23/24 12:40:26,,Address 405,Address 406,Palo Alto,CA,94303,United States,,,,40107600,stripe,visa,3718,ch_3OxaQbLpAglNISLQ0YHicB61,,,no,,,yes,,Name 404,Name 405,Email 137,Address 407,,,,Donor 679,paid,,
Name 406,Company 138,Donor 680,Donor 681,Donor 682,no,Oliveseed General Campaign,Description 614,312.65,0.00,Description 615,312.65,USD,312.65,7.18,5.47,,12.65,300.00,300.00,300.00,yes,Donor 683,,04/05/24 09:26:23,,Address 408,Address 409,Pullman,WA,99163,United States,,,,40503246,stripe,visa,5749,ch_3P2FauLpAglNISLQ0QCEHcUW,,,yes,2353122,2024-02-05,yes,,Name 407,Name 408,Email 138,Address 410,,,,Donor 684,paid,,
Name 409,Company 139,Donor 685,Donor 686,Donor 687,no,OliveSeed Monthly Giving,Description 616,41.72,0.00,Description 617,41.72,USD,41.72,1.22,0.73,,1.95,39.77,39.77,39.77,yes,Donor 688,,04/07/24 09:13:42,,Address 411,Address 412,Menlo Park,CA,94025,United States,,,,40573125,stripe,visa,4902,ch_3P2yLiLpAglNISLQ10Tlfkpm,,,yes,525934,2021-06-07,yes,,Name 410,Name 411,Email 139,Address 413,,,,Donor 689,paid,,
Name 412,Company 140,Donor 690,Donor 691,Donor 692,no,OliveSeed Monthly Giving,Description 618,5.49,0.00,Description 619,5.49,USD,5.49,0.6,,,0.60,4.89,,4.89,yes,Donor 693,,04/16/24 03:29:51,,Address 414,Address 415,West Tisbury,MA,02568,United States,,,,40830495,paypal,,,,24B0433482434794P,,yes,385997,2020-12-16,yes,,Name 413,Name 414,Email 140,Address 416,,,,Donor 694,paid,,
Name 415,Company 141,Donor 695,Donor 696,Donor 697,no,Oliveseed,Description 620,150.00,0.00,Description 621,150.00,USD,150.00,3.6,2.62,,6.22,143.78,143.78,143.78,no,Donor 698,,04/18/24 09:14:13,,Address 417,Address 418,,,,,,,Area of greatest need,40900977,stripe,visa,0693,ch_3P6xbGLpAglNISLQ0JeqdRAg,,,yes,240611,2020-05-18,no,,Name 416,Name 417,Email 141,Address 419,,,,Donor 699,paid,,
Name 418,Company 142,Donor 700,Donor 701,Donor 702,no,Oliveseed General Campaign,Description 622,25.00,0.00,Description 623,25.00,USD,25.00,0.85,0.44,,1.29,23.71,23.71,23.71,no,Donor 703,,04/21/24 09:54:42,,Address 420,Address 421,Palo Alto,CA,94306,United States,,,,40988329,stripe,visa,6225,ch_3P83f5LpAglNISLQ0WAy8MEK,,,no,,,no,,Name 419,Name 420,Email 142,Address 422,,,,Donor 704,paid,,
Name 421,Company 143,Donor 705,Donor 706,Donor 707,no,Oliveseed General Campaign,Description 624,100.00,0.00,Description 625,100.00,USD,100.00,2.5,1.75,,4.25,95.75,95.75,95.75,no,Donor 708,,04/21/24 10:01:03,,Address 423,Address 424,Cupertino,CA,95014,United States,,,,40988403,stripe,visa,2063,ch_3P83lFLpAglNISLQ0bjd9SHD,,,no,,,yes,,Name 422,Name 423,Email 143,Address 425,,yes,,Donor 709,paid,,
Name 424,Company 144,Donor 710,Donor 711,Donor 712,no,Oliveseed,Description 626,53.00,0.00,Description 627,53.00,USD,53.00,1.47,0.93,,2.40,50.60,50.60,50.60,no,Donor 713,,04/23/24 09:24:43,,Address 426,Address 427,,,,,,,,41035355,stripe,visa,8905,ch_3P8m9ALpAglNISLQ0U8zITZq,,,yes,66328,2018-10-22,yes,,Name 425,Name 426,Email 144,Address 428,,,,Donor 714,paid,,
Name 427,Company 145,Donor 715,Donor 716,Donor 717,no,Oliveseed General Campaign,Description 628,150.00,0.00,Description 629,150.00,USD,150.00,3.6,2.62,,6.22,143.78,143.78,143.78,no,Donor 718,,04/27/24 18:59:50,,Address 429,Address 430,Waukee,IA,50263,United States,,,,41160265,stripe,visa,8614,ch_3PAN1xLpAglNISLQ1x7vsRbZ,,,no,,,yes,,Name 428,Name 429,Email 145,Address 431,,,,Donor 719,paid,,
Name 430,Company 146,Donor 720,Donor 721,Donor 722,no,Oliveseed General Campaign,Description 630,150.00,0.00,Description 631,150.00,USD,150.00,3.6,2.62,,6.22,143.78,143.78,143.78,no,Donor 723,,04/30/24 12:56:41,,Address 432,Address 433,Berkeley,CA,94709,United States,,,,41255254,stripe,visa,0693,ch_3PBMn8LpAglNISLQ01X2Fvg4,,,yes,2591397,2024-04-30,yes,,Name 431,Name 432,Email 146,Address 434,,,,Donor 724,paid,,
Name 433,Company 147,Donor 725,Donor 726,Donor 727,no,Oliveseed General Campaign,Description 632,500.00,0.00,Description 633,500.00,USD,500.00,11.3,8.75,,20.05,479.95,479.95,479.95,no,Donor 728,,05/06/24 21:26:15,,Address 435,Address 436,Pullman,WA,99163,United States,,,,41456067,stripe,visa,9187,ch_3PDfbaLpAglNISLQ1a5PYsU5,,,no,,,yes,,Name 434,Name 435,Email 147,Address 437,,,,Donor 729,paid,,
Name 436,Company 148,Donor 730,Donor 731,Donor 732,no,OliveSeed Monthly Giving,Description 634,41.72,0.00,Description 635,41.72,USD,41.72,1.22,0.73,,1.95,39.77,39.77,39.77,yes,Donor 733,,05/07/24 09:19:10,,Address 438,Address 439,Menlo Park,CA,94025,United States,,,,41471626,stripe,visa,4902,ch_3PDqjSLpAglNISLQ1UczoYjt,,,yes,525934,2021-06-07,yes,,Name 437,Name 438,Email 148,Address 440,,,,Donor 734,paid,,
Name 439,Company 149,Donor 735,Donor 736,Donor 737,no,OliveSeed Monthly Giving,Description 636,5.49,0.00,Description 637,5.49,USD,5.49,0.6,,,0.60,4.89,,4.89,yes,Donor 738,,05/16/24 03:40:39,,Address 441,Address 442,West Tisbury,MA,02568,United States,,,,41744276,paypal,,,,98W88009FP880732N,,yes,385997,2020-12-16,yes,,Name 440,Name 441,Email 149,Address 443,,,,Donor 739,paid,,
Name 442,Company 150,Donor 740,Donor 741,Donor 742,no,Oliveseed,Description 638,150.00,0.00,Description 639,150.00,USD,150.00,3.6,2.62,,6.22,143.78,143.78,143.78,no,Donor 743,,05/18/24 09:15:46,,Address 444,Address 445,,,,,,,Area of greatest need,41821448,stripe,visa,0693,ch_3PHpvCLpAglNISLQ1bHXGBhq,,,yes,240611,2020-05-18,no,,Name 443,Name 444,Email 150,Address 446,,,,Donor 744,paid,,
Name 445,Company 151,Donor 745,Donor 746,Donor 747,no,Oliveseed,Description 640,53.00,0.00,Description 641,53.00,USD,53.00,1.47,0.93,,2.40,50.60,50.60,50.60,no,Donor 748,,05/23/24 09:25:09,,Address 447,Address 448,,,,,,,,41979622,stripe,visa,8905,ch_3PJeS1LpAglNISLQ1kmwJzI0,,,yes,66328,2018-10-22,yes,,Name 446,Name 447,Email 151,Address 449,,,,Donor 749,paid,,
Name 448,Company 152,Donor 750,Donor 751,Donor 752,no,Oliveseed General Campaign,Description 642,150.00,0.00,Description 643,150.00,USD,150.00,3.6,2.62,,6.22,143.78,143.78,143.78,no,Donor 753,,05/30/24 09:35:41,,Address 450,Address 451,,,,,,,,42230559,stripe,visa,0693,ch_3PMBx4LpAglNISLQ1LoU3V0f,,,yes,2591397,2024-04-30,yes,,Name 449,Name 450,Email 152,Address 452,,,,Donor 754,paid,,
Name 451,Company 153,Donor 755,Donor 756,Donor 757,no,OliveSeed Monthly Giving,Description 644,41.72,0.00,Description 645,41.72,USD,41.72,1.22,0.73,,1.95,39.77,39.77,39.77,yes,Donor 758,,06/07/24 09:11:17,,Address 453,Address 454,Menlo Park,CA,94025,United States,,,,42487325,stripe,visa,4902,ch_3PP5NpLpAglNISLQ1RKajE1f,,,yes,525934,2021-06-07,yes,,Name 452,Name 453,Email 153,Address 455,,,,Donor 759,paid,,
Name 454,Company 154,Donor 760,Donor 761,Donor 762,no,OliveSeed Monthly Giving,Description 646,5.49,0.00,Description 647,5.49,USD,5.49,0.6,,,0.60,4.89,,4.89,yes,Donor 763,,06/16/24 04:02:20,,Address 456,Address 457,West Tisbury,MA,02568,United States,,,,42759236,paypal,,,,1EV54618PE286364X,,yes,385997,2020-12-16,yes,,Name 455,Name 456,Email 154,Address 458,,,,Donor 764,paid,,
Name 457,Company 155,Donor 765,Donor 766,Donor 767,no,Oliveseed,Description 648,150.00,0.00,Description 649,150.00,USD,150.00,3.6,2.62,,6.22,143.78,143.78,143.78,no,Donor 768,,06/18/24 09:03:35,,Address 459,Address 460,,,,,,,Area of greatest need,42822251,stripe,visa,0693,ch_3PT4VQLpAglNISLQ1IZi2RFJ,,,yes,240611,2020-05-18,no,,Name 458,Name 459,Email 155,Address 461,,,,Donor 769,paid,,
Name 460,Company 156,Donor 770,Donor 771,Donor 772,no,Oliveseed,Description 650,53.00,0.00,Description 651,53.00,USD,53.00,1.47,0.93,,2.40,50.60,50.60,50.60,no,Donor 773,,06/23/24 09:23:12,,Address 462,Address 463,,,,,,,,42984140,stripe,visa,8905,ch_3PUtC8LpAglNISLQ0EJcWOr2,,,yes,66328,2018-10-22,yes,,Name 461,Name 462,Email 156,Address 464,,,,Donor 774,paid,,
Name 463,Company 157,Donor 775,Donor 776,Donor 777,no,Oliveseed General Campaign,Description 652,50.00,0.00,Description 653,50.00,USD,50.00,1.4,0.88,,2.28,47.72,47.72,47.72,no,Donor 778,,06/23/24 10:07:48,,Address 465,Address 466,San Rafael,CA,94901,United States,,,,42989525,stripe,mastercard,7372,ch_3PUttKLpAglNISLQ1ZeQesDk,,,no,,,yes,,Name 464,Name 465,Email 157,Address 467,,,,Donor 779,paid,,
Name 466,Company 158,Donor 780,Donor 781,Donor 782,no,Oliveseed General Campaign,Description 654,104.42,0.00,Description 655,104.42,USD,104.42,2.6,1.83,,4.43,99.99,99.99,99.99,yes,Donor 783,,06/27/24 16:01:14,,Address 468,Address 469,San Francisco,CA,94127,United States,,,,43105663,stripe,mastercard,6725,ch_3PWRJXLpAglNISLQ0WXt74gU,,,no,,,yes,,Name 467,Name 468,Email 158,Address 470,,,,Donor 784,paid,,
Name 469,Company 159,Donor 785,Donor 786,Donor 787,no,Oliveseed General Campaign,Description 656,150.00,0.00,Description 657,150.00,USD,150.00,3.6,2.62,,6.22,143.78,143.78,143.78,no,Donor 788,,06/30/24 09:33:51,,Address 471,Address 472,,,,,,,,43196721,stripe,visa,0693,ch_3PXQhILpAglNISLQ11bbNd4I,,,yes,2591397,2024-04-30,yes,,Name 470,Name 471,Email 159,Address 473,,,,Donor 789,paid,,
Name 472,Company 160,Donor 790,Donor 791,Donor 792,no,OliveSeed Monthly Giving,Description 658,41.72,0.00,Description 659,41.72,USD,41.72,1.22,0.73,,1.95,39.77,39.77,39.77,yes,Donor 793,,07/07/24 09:07:31,,Address 474,Address 475,Menlo Park,CA,94025,United States,,,,43458480,stripe,visa,4902,ch_3PZxceLpAglNISLQ0frJ5XUI,,,yes,525934,2021-06-07,yes,,Name 473,Name 474,Email 160,Address 476,,,,Donor 794,paid,,
Name 475,Company 161,Donor 795,Donor 796,Donor 797,no,Keep Girls in School Project,Description 660,12.00,0.00,Description 661,12.00,USD,12.00,0.56,0.21,,0.77,11.23,11.23,11.23,no,Donor 798,,07/08/24 17:06:00,,Address 477,Address 478,Palo Alto,CA,94306,United States,,,,43513131,stripe,visa,6225,ch_3PaRZGLpAglNISLQ0EGV8hBr,,,no,,,no,,Name 476,Name 477,Email 161,Address 479,,,,Donor 799,paid,,
Name 478,Company 162,Donor 800,Donor 801,Donor 802,no,Keep Girls in School Project,Description 662,25.30,0.00,Description 663,25.30,USD,25.30,0.86,0.44,,1.30,24.00,24.00,24.00,yes,Donor 803,,07/08/24 18:32:14,,Address 480,Address 481,Menlo Park,CA,94025,United States,,,,43514011,stripe,visa,1093,ch_3PaSuhLpAglNISLQ1DLkso0m,,,no,,,yes,,Name 479,Name 480,Email 162,Address 482,,,,Donor 804,paid,,
Name 481,Company 163,Donor 805,Donor 806,Donor 807,no,Keep Girls in School Project,Description 664,104.42,0.00,Description 665,104.42,USD,104.42,2.6,1.83,,4.43,99.99,99.99,99.99,yes,Donor 808,,07/09/24 09:43:58,,Address 483,Address 484,Sonora,CA,95370,United States,,,,43539909,stripe,visa,9804,ch_3Pah93LpAglNISLQ0qYl97QP,,,no,,,yes,,Name 482,Name 483,Email 163,Address 485,,,,Donor 809,paid,,
Name 484,Company 164,Donor 810,Donor 811,Donor 812,no,Keep Girls in School Project,Description 666,200.00,0.00,Description 667,200.00,USD,200.00,4.47,3.50,,7.97,192.03,,192.03,no,Donor 813,,07/10/24 14:37:13,,Address 486,Address 487,Santa Fe,NM,87508,United States,,,,43580907,paypal_express,,,,92410358DK826530E,7SU848140W2718546,no,,,yes,,Name 485,Name 486,Email 164,Address 488,,,,Donor 814,paid,,
Name 487,Company 165,Donor 815,Donor 816,Donor 817,no,OliveSeed Monthly Giving,Description 668,5.49,0.00,Description 669,5.49,USD,5.49,0.6,,,0.60,4.89,,4.89,yes,Donor 818,,07/16/24 04:41:37,,Address 489,Address 490,West Tisbury,MA,02568,United States,,,,43742754,paypal,,,,0Y466278N5139332E,,yes,385997,2020-12-16,yes,,Name 488,Name 489,Email 165,Address 491,,,,Donor 819,paid,,
Name 490,Company 166,Donor 820,Donor 821,Donor 822,no,Oliveseed,Description 670,150.00,0.00,Description 671,150.00,USD,150.00,3.6,2.62,,6.22,143.78,143.78,143.78,no,Donor 823,,07/18/24 09:07:09,,Address 492,Address 493,,,,,,,Area of greatest need,43810405,stripe,visa,0693,ch_3PdwrKLpAglNISLQ0ubd7yLd,,,yes,240611,2020-05-18,no,,Name 491,Name 492,Email 166,Address 494,,,,Donor 824,paid,,
Name 493,Company 167,Donor 825,Donor 826,Donor 827,no,Oliveseed,Description 672,53.00,0.00,Description 673,53.00,USD,53.00,1.47,0.93,,2.40,50.60,50.60,50.60,no,Donor 828,,07/23/24 09:31:08,,Address 495,Address 496,,,,,,,,43964158,stripe,visa,8905,ch_3PflcGLpAglNISLQ0feRseQZ,,,yes,66328,2018-10-22,yes,,Name 494,Name 495,Email 167,Address 497,,,,Donor 829,paid,,
Name 496,Company 168,Donor 830,Donor 831,Donor 832,no,Oliveseed General Campaign,Description 674,150.00,0.00,Description 675,150.00,USD,150.00,3.6,2.62,,6.22,143.78,143.78,143.78,no,Donor 833,,07/30/24 09:42:37,,Address 498,Address 499,,,,,,,,44168291,stripe,visa,0693,ch_3PiJ8DLpAglNISLQ0bzN0MTg,,,yes,2591397,2024-04-30,yes,,Name 497,Name 498,Email 168,Address 500,,,,Donor 834,paid,,
Name 499,Company 169,Donor 835,Donor 836,Donor 837,no,Keep Girls in School Project,Description 676,125.25,0.00,Description 677,125.25,USD,125.25,3.06,2.19,,5.25,120.00,120.00,120.00,yes,Donor 838,,08/03/24 21:02:38,,Address 501,Address 502,Spokane,,99218,United States,,,,44302736,stripe,visa,3435,ch_3PjveVLpAglNISLQ0Bvqfjmi,,,no,,,yes,,Name 500,Name 501,Email 169,Address 503,,yes,,Donor 839,paid,,
Name 502,Company 170,Donor 840,Donor 841,Donor 842,no,Oliveseed General Campaign,Description 678,150.23,0.00,Description 679,150.23,USD,150.23,3.61,2.63,,6.24,143.99,143.99,143.99,yes,Donor 843,,08/03/24 21:05:05,,Address 504,Address 505,Pullman,WA,99163,United States,,,,44302753,stripe,visa,2486,ch_3PjvgwLpAglNISLQ0JqR08Lp,,,no,,,yes,,Name 503,Name 504,Email 170,Address 506,,yes,,Donor 844,paid,,
Name 505,Company 171,Donor 845,Donor 846,Donor 847,no,Keep Girls in School Project,Description 680,125.25,0.00,Description 681,125.25,USD,125.25,3.06,2.19,,5.25,120.00,120.00,120.00,yes,Donor 848,,08/14/24 07:51:51,,Address 507,Address 508,Palo Alto,CA,94306,United States,,,,44586184,stripe,visa,0966,ch_3PniYILpAglNISLQ1nmCOqYF,,,no,,,yes,,Name 506,Name 507,Email 171,Address 509,,yes,,Donor 849,paid,,
Name 508,Company 172,Donor 850,Donor 851,Donor 852,no,OliveSeed Monthly Giving,Description 682,5.49,0.00,Description 683,5.49,USD,5.49,0.6,,,0.60,4.89,,4.89,yes,Donor 853,,08/16/24 03:48:37,,Address 510,Address 511,West Tisbury,MA,02568,United States,,,,44638582,paypal,,,,7VK56947J3623725K,,yes,385997,2020-12-16,yes,,Name 509,Name 510,Email 172,Address 512,,,,Donor 854,paid,,
Name 511,Company 173,Donor 855,Donor 856,Donor 857,no,Oliveseed General Campaign,Description 684,100.00,0.00,Description 685,100.00,USD,100.00,2.5,1.75,,4.25,95.75,95.75,95.75,no,Donor 858,,08/17/24 14:14:15,,Address 513,Address 514,Orinda,CA,94563,United States,,,,44686715,stripe,visa,9223,ch_3PotwzLpAglNISLQ1yjmBbh7,,,no,,,yes,,Name 512,Name 513,Email 173,Address 515,,yes,,Donor 859,paid,,
Name 514,Company 174,Donor 860,Donor 861,Donor 862,no,Oliveseed,Description 686,150.00,0.00,Description 687,150.00,USD,150.00,3.6,2.62,,6.22,143.78,143.78,143.78,no,Donor 863,,08/18/24 09:09:18,,Address 516,Address 517,,,,,,,Area of greatest need,44699715,stripe,visa,0693,ch_3PpBfOLpAglNISLQ0LymQD80,,,yes,240611,2020-05-18,no,,Name 515,Name 516,Email 174,Address 518,,,,Donor 864,paid,,
Name 517,Company 175,Donor 865,Donor 866,Donor 867,no,Keep Girls in School Project,Description 688,1041.44,0.00,Description 689,1041.44,USD,1041.44,23.21,18.23,,41.44,1000.00,1000.00,1000.00,yes,Donor 868,,08/18/24 20:49:55,,Address 519,Address 520,Pullman,,99163,United States,,,,44716414,stripe,visa,9187,ch_3PpMbQLpAglNISLQ1DeHunUI,,,no,,,yes,,Name 518,Name 519,Email 175,Address 521,,,,Donor 869,paid,,
Name 520,Company 176,Donor 870,Donor 871,Donor 872,no,Keep Girls in School Project,Description 690,125.25,0.00,Description 691,125.25,USD,125.25,3.06,2.19,,5.25,120.00,120.00,120.00,yes,Donor 873,,08/21/24 12:41:07,,Address 522,Address 523,Los Altos,CA,94024,United States,,,,44795698,stripe,visa,1806,ch_3PqKP2LpAglNISLQ1Mn3pbyX,,,no,,,yes,,Name 521,Name 522,Email 176,Address 524,,yes,,Donor 874,paid,,
Name 523,Company 177,Donor 875,Donor 876,Donor 877,no,Oliveseed General Campaign,Description 692,250.00,0.00,Description 693,250.00,USD,250.00,5.8,4.38,,10.18,239.82,239.82,239.82,no,Donor 878,,08/22/24 10:33:16,,Address 525,Address 526,Palo Alto,CA,94306,United States,,,,44820551,stripe,mastercard,6849,ch_3PqesrLpAglNISLQ1TFzd03h,,,no,,,no,In honor of,Name 524,Name 525,Email 177,Address 527,Thank you for your excellent article bringing attention to the importance of educating at-risk girls and keeping them in school.,yes,,Donor 879,paid,,
Name 526,Company 178,Donor 880,Donor 881,Donor 882,no,Oliveseed,Description 694,53.00,0.00,Description 695,53.00,USD,53.00,1.47,0.93,,2.40,50.60,50.60,50.60,no,Donor 883,,08/23/24 09:31:42,,Address 528,Address 529,,,,,,,,44845383,stripe,visa,8905,ch_3Pr0OoLpAglNISLQ0FThTgYM,,,yes,66328,2018-10-22,yes,,Name 527,Name 528,Email 178,Address 530,,,,Donor 884,paid,,
Name 529,Company 179,Donor 885,Donor 886,Donor 887,no,Oliveseed General Campaign,Description 696,150.00,0.00,Description 697,150.00,USD,150.00,3.6,2.62,,6.22,143.78,143.78,143.78,no,Donor 888,,08/30/24 09:38:39,,Address 531,Address 532,,,,,,,,45043280,stripe,visa,0693,ch_3PtXqNLpAglNISLQ0mDDzvvj,,,yes,2591397,2024-04-30,yes,,Name 530,Name 531,Email 179,Address 533,,,,Donor 889,paid,,
Name 532,Company 180,Donor 890,Donor 891,Donor 892,no,Keep Girls in School Project,Description 698,12.00,0.00,Description 699,12.00,USD,12.00,0.73,0.21,,0.94,11.06,,11.06,no,Donor 893,,09/07/24 18:40:16,,Address 534,Address 535,Huntington Beach,,92647,United States,,,,45302271,paypal_express,,,,41B043422D5724745,7T501649PG565272P,no,,,no,,Name 533,Name 534,Email 180,Address 536,,yes,,Donor 894,paid,,
Name 535,Company 181,Donor 895,Donor 896,Donor 897,no,OliveSeed Monthly Giving,Description 700,5.49,0.00,Description 701,5.49,USD,5.49,0.6,,,0.60,4.89,,4.89,yes,Donor 898,,09/16/24 04:07:43,,Address 537,Address 538,West Tisbury,MA,02568,United States,,,,45545433,paypal,,,,9NN74438X44162508,,yes,385997,2020-12-16,yes,,Name 536,Name 537,Email 181,Address 539,,,,Donor 899,paid,,
Name 538,Company 182,Donor 900,Donor 901,Donor 902,no,Oliveseed,Description 702,150.00,0.00,Description 703,150.00,USD,150.00,3.6,2.62,,6.22,143.78,143.78,143.78,no,Donor 903,,09/18/24 09:06:36,,Address 540,Address 541,,,,,,,Area of greatest need,45608188,stripe,visa,0693,ch_3Q0QOmLpAglNISLQ1vTK7YJC,,,yes,240611,2020-05-18,no,,Name 539,Name 540,Email 182,Address 542,,,,Donor 904,paid,,
Name 541,Company 183,Donor 905,Donor 906,Donor 907,no,Oliveseed,Description 704,53.00,0.00,Description 705,53.00,USD,53.00,1.47,0.93,,2.40,50.60,50.60,50.60,no,Donor 908,,09/23/24 09:28:36,,Address 543,Address 544,,,,,,,,45753538,stripe,visa,8905,ch_3Q2F7pLpAglNISLQ1WSmEpgK,,,yes,66328,2018-10-22,yes,,Name 542,Name 543,Email 183,Address 545,,,,Donor 909,paid,,
Name 544,Company 184,Donor 910,Donor 911,Donor 912,no,Keep Girls in School Project,Description 706,50.00,0.00,Description 707,50.00,USD,50.00,1.49,0.88,,2.37,47.63,,47.63,no,Donor 913,,09/23/24 21:56:30,,Address 546,Address 547,Palo Alto,,94306,United States,,,,45766747,paypal_express,,,,42421596FW1351634,5S644100KJ490800H,no,,,yes,,Name 545,Name 546,Email 184,Address 548,,yes,,Donor 914,paid,,
Name 547,Company 185,Donor 915,Donor 916,Donor 917,no,Oliveseed General Campaign,Description 708,150.00,0.00,Description 709,150.00,USD,150.00,3.6,2.62,,6.22,143.78,143.78,143.78,no,Donor 918,,09/30/24 09:40:09,,Address 549,Address 550,,,,,,,,46006943,stripe,visa,0693,ch_3Q4mdqLpAglNISLQ1qwg0tSY,,,yes,2591397,2024-04-30,yes,,Name 548,Name 549,Email 185,Address 551,,,,Donor 919,paid,,
Name 550,Company 186,Donor 920,Donor 921,Donor 922,no,Oliveseed General Campaign,Description 710,156.48,0.00,Description 711,156.48,USD,156.48,3.74,2.74,,6.48,150.00,150.00,150.00,yes,Donor 923,,10/11/24 17:03:57,,Address 552,Address 553,Cupertino,CA,95014,United States,,,,46399609,stripe,visa,2063,ch_3Q8soOLpAglNISLQ07Etnrs5,,,no,,,yes,,Name 551,Name 552,Email 186,Address 554,,,,Donor 924,paid,,
Name 553,Company 187,Donor 925,Donor 926,Donor 927,no,OliveSeed Monthly Giving,Description 712,5.49,0.00,Description 713,5.49,USD,5.49,0.6,,,0.60,4.89,,4.89,yes,Donor 928,,10/16/24 03:18:44,,Address 555,Address 556,West Tisbury,MA,02568,United States,,,,46522430,paypal,,,,1YG9277808843034N,,yes,385997,2020-12-16,yes,,Name 554,Name 555,Email 187,Address 557,,,,Donor 929,paid,,
Name 556,Company 188,Donor 930,Donor 931,Donor 932,no,Oliveseed,Description 714,150.00,0.00,Description 715,150.00,USD,150.00,3.6,2.62,,6.22,143.78,143.78,143.78,no,Donor 933,,10/18/24 09:09:46,,Address 558,Address 559,,,,,,,Area of greatest need,46592936,stripe,visa,0693,ch_3QBIkILpAglNISLQ1LLc8XXx,,,yes,240611,2020-05-18,no,,Name 557,Name 558,Email 188,Address 560,,,,Donor 934,paid,,
Name 559,Company 189,Donor 935,Donor 936,Donor 937,no,Oliveseed,Description 716,53.00,0.00,Description 717,53.00,USD,53.00,1.47,0.93,,2.40,50.60,50.60,50.60,no,Donor 938,,10/23/24 09:34:27,,Address 561,Address 562,,,,,,,,46742101,stripe,visa,8905,ch_3QD7VwLpAglNISLQ0oJUCGPa,,,yes,66328,2018-10-22,yes,,Name 560,Name 561,Email 189,Address 563,,,,Donor 939,paid,,
Name 562,Company 190,Donor 940,Donor 941,Donor 942,no,Oliveseed General Campaign,Description 718,150.00,0.00,Description 719,150.00,USD,150.00,3.6,2.62,,6.22,143.78,143.78,143.78,no,Donor 943,,10/30/24 09:43:49,,Address 564,Address 565,,,,,,,,46985881,stripe,visa,0693,ch_3QFezpLpAglNISLQ0JL96mj2,,,yes,2591397,2024-04-30,yes,,Name 563,Name 564,Email 190,Address 566,,,,Donor 944,paid,,
Name 565,Company 191,Donor 945,Donor 946,Donor 947,no,Oliveseed General Campaign,Description 720,200.00,0.00,Description 721,200.00,USD,200.00,4.7,3.50,,8.20,191.80,191.80,191.80,no,Donor 948,,11/09/24 14:54:59,,Address 567,Address 568,Cupertino,CA,95014,United States,,,,47315152,stripe,visa,6417,ch_3QJNYWLpAglNISLQ0nsxB7av,,,no,,,yes,In honor of,Name 566,Name 567,Email 191,Address 569,"You are an inspiration.  These kids may never meet you, but you are doing great things for them.",yes,,Donor 949,paid,,
Name 568,Company 192,Donor 950,Donor 951,Donor 952,no,Oliveseed General Campaign,Description 722,100.00,0.00,Description 723,100.00,USD,100.00,2.5,1.75,,4.25,95.75,95.75,95.75,no,Donor 953,,11/11/24 15:32:46,,Address 570,Address 571,Berkeley,CA,94705,United States,,,,47373019,stripe,mastercard,5724,ch_3QK76BLpAglNISLQ0cMC010U,,,no,,,yes,,Name 569,Name 570,Email 192,Address 572,,yes,,Donor 954,paid,,
Name 571,Company 193,Donor 955,Donor 956,Donor 957,no,Oliveseed,Description 724,150.00,0.00,Description 725,150.00,USD,150.00,3.6,2.62,,6.22,143.78,143.78,143.78,no,Donor 958,,11/18/24 08:10:58,,Address 573,Address 574,,,,,,,Area of greatest need,47618935,stripe,visa,0693,ch_3QMXXTLpAglNISLQ0I5RR8SU,,,yes,240611,2020-05-18,no,,Name 572,Name 573,Email 193,Address 575,,,,Donor 959,paid,,
Name 574,Company 194,Donor 960,Donor 961,Donor 962,no,Oliveseed,Description 726,53.00,0.00,Description 727,53.00,USD,53.00,1.47,0.93,,2.40,50.60,50.60,50.60,no,Donor 963,,11/23/24 08:32:58,,Address 576,Address 577,,,,,,,,47789353,stripe,visa,8905,ch_3QOMGVLpAglNISLQ0nEUGniu,,,yes,66328,2018-10-22,yes,,Name 575,Name 576,Email 194,Address 578,,,,Donor 964,paid,,
Name 577,Company 195,Donor 965,Donor 966,Donor 967,no,Oliveseed General Campaign,Description 728,500.00,0.00,Description 729,500.00,USD,500.00,11.3,8.75,,20.05,479.95,479.95,479.95,no,Donor 968,,11/24/24 18:54:59,,Address 579,Address 580,Mountain View,CA,94043,United States,,,,47830736,stripe,visa,0416,ch_3QOsS0LpAglNISLQ0sPBASNZ,,,no,,,no,,Name 578,Name 579,Email 195,Address 581,,yes,,Donor 969,paid,,
Name 580,Company 196,Donor 970,Donor 971,Donor 972,no,Oliveseed General Campaign,Description 730,150.00,0.00,Description 731,150.00,USD,150.00,3.6,2.62,,6.22,143.78,143.78,143.78,no,Donor 973,,11/30/24 08:48:19,,Address 582,Address 583,,,,,,,,48031146,stripe,visa,0693,ch_3QQtqCLpAglNISLQ0wA6DA8e,,,yes,2591397,2024-04-30,yes,,Name 581,Name 582,Email 196,Address 584,,,,Donor 974,paid,,
Name 583,Company 197,Donor 975,Donor 976,Donor 977,no,Oliveseed General Campaign,Description 732,100.00,0.00,Description 733,100.00,USD,100.00,2.5,1.75,,4.25,95.75,95.75,95.75,no,Donor 978,,12/04/24 13:43:09,,Address 585,Address 586,San Francisco,CA,94109,United States,,,,48262475,stripe,visa,0543,ch_3QSQLjLpAglNISLQ1mILyJ5P,,,no,,,yes,,Name 584,Name 585,Email 197,Address 587,,yes,,Donor 979,paid,,
Name 586,Company 198,Donor 980,Donor 981,Donor 982,no,Oliveseed General Campaign,Description 734,500.00,0.00,Description 735,500.00,USD,500.00,11.3,8.75,,20.05,479.95,479.95,479.95,no,Donor 983,,12/05/24 15:59:51,,Address 588,Address 589,Palo Alto,CA,94303,United States,,,,48304399,stripe,mastercard,5043,ch_3QSoxYLpAglNISLQ01J5qeHZ,,,no,,,yes,,Name 587,Name 588,Email 198,Address 590,,,,Donor 984,paid,,
Name 589,Company 199,Donor 985,Donor 986,Donor 987,no,Oliveseed General Campaign,Description 736,104.39,0.00,Description 737,104.39,USD,104.39,2.57,1.83,,4.40,99.99,,99.99,yes,Donor 988,,12/07/24 10:48:55,,Address 591,Address 592,Seattle,WA,98117,United States,,,,48385546,paypal_express,,,,285489454W819750C,0G256641CA693330L,no,,,no,,Name 590,Name 591,Email 199,Address 593,,,,Donor 989,paid,,
Name 592,Company 200,Donor 990,Donor 991,Donor 992,no,Oliveseed General Campaign,Description 738,437.58,0.00,Description 739,437.58,USD,437.58,9.93,7.66,,17.59,419.99,419.99,419.99,yes,Donor 993,,12/12/24 20:38:11,,Address 594,Address 595,Woodside,CA,94062-1102,United States,,,,48591886,stripe,visa,2463,ch_3QVQdlLpAglNISLQ0HDASELt,,,no,,,yes,,Name 593,Name 594,Email 200,Address 596,,yes,,Donor 994,paid,,
Name 595,Company 201,Donor 995,Donor 996,Donor 997,no,Oliveseed General Campaign,Description 740,1041.44,0.00,Description 741,1041.44,USD,1041.44,23.21,18.23,,41.44,1000.00,1000.00,1000.00,yes,Donor 998,,12/13/24 10:15:19,,Address 597,Address 598,Palo Alto,CA,94301,United States,,,,48623464,stripe,visa,8976,ch_3QVdOYLpAglNISLQ0AGfymeq,,,no,,,no,,Name 596,Name 597,Email 201,Address 599,,yes,,Donor 999,paid,,
Name 598,Company 202,Donor 1000,Donor 1001,Donor 1002,no,Oliveseed General Campaign,Description 742,208.54,0.00,Description 743,208.54,USD,208.54,4.89,3.65,,8.54,200.00,200.00,200.00,yes,Donor 1003,,12/15/24 20:52:33,,Address 600,Address 601,Menlo Park,CA,94025,United States,,,,48698790,stripe,visa,2358,ch_3QWWIHLpAglNISLQ0UGI4Vqb,,,no,,,yes,,Name 599,Name 600,Email 202,Address 602,,yes,,Donor 1004,paid,,
Name 601,Company 203,Donor 1005,Donor 1006,Donor 1007,no,Oliveseed,Description 744,150.00,0.00,Description 745,150.00,USD,150.00,3.6,2.62,,6.22,143.78,143.78,143.78,no,Donor 1008,,12/18/24 08:12:52,,Address 603,Address 604,,,,,,,Area of greatest need,48781722,stripe,visa,0693,ch_3QXPrlLpAglNISLQ1Yu7h5BF,,,yes,240611,2020-05-18,no,,Name 602,Name 603,Email 203,Address 605,,,,Donor 1009,paid,,
Name 604,Company 204,Donor 1010,Donor 1011,Donor 1012,no,Keep Girls in School Project,Description 746,125.25,0.00,Description 747,125.25,USD,125.25,3.06,2.19,,5.25,120.00,120.00,120.00,yes,Donor 1013,,12/18/24 10:48:30,,Address 606,Address 607,Palo Alto,CA,94303,United States,,,,48794565,stripe,mastercard,7181,ch_3QXSIMLpAglNISLQ0gNciEL3,,,no,,,yes,,Name 605,Name 606,Email 204,Address 608,,yes,,Donor 1014,paid,,
Name 607,Company 205,Donor 1015,Donor 1016,Donor 1017,no,Oliveseed,Description 748,53.00,0.00,Description 749,53.00,USD,53.00,1.47,0.93,,2.40,50.60,50.60,50.60,no,Donor 1018,,12/23/24 08:35:24,,Address 609,Address 610,,,,,,,,48969101,stripe,visa,8905,ch_3QZEbILpAglNISLQ1D21cqt4,,,yes,66328,2018-10-22,yes,,Name 608,Name 609,Email 205,Address 611,,,,Donor 1019,paid,,
Name 610,Company 206,Donor 1020,Donor 1021,Donor 1022,no,Oliveseed General Campaign,Description 750,52.37,0.00,Description 751,52.37,USD,52.37,1.45,0.92,,2.37,50.00,50.00,50.00,yes,Donor 1023,,12/23/24 11:22:28,,Address 612,Address 613,Sonora,CA,95370,United States,,,,48978990,stripe,visa,9804,ch_3QZHD0LpAglNISLQ0ZeR2rCq,,,no,,,yes,,Name 611,Name 612,Email 206,Address 614,,,,Donor 1024,paid,,
Name 613,Company 207,Donor 1025,Donor 1026,Donor 1027,no,Oliveseed General Campaign,Description 752,52.37,0.00,Description 753,52.37,USD,52.37,1.45,0.92,,2.37,50.00,50.00,50.00,yes,Donor 1028,,12/24/24 16:49:50,,Address 615,Address 616,Espanola,NM,87532,United States,,,,49024949,stripe,visa,9798,ch_3QZinLLpAglNISLQ13sYBWcS,,,no,,,no,,Name 614,Name 615,Email 207,Address 617,,yes,,Donor 1029,paid,,
Name 616,Company 208,Donor 1030,Donor 1031,Donor 1032,no,Oliveseed General Campaign,Description 754,300.00,0.00,Description 755,300.00,USD,300.00,6.9,5.25,,12.15,287.85,287.85,287.85,no,Donor 1033,,12/24/24 20:18:00,,Address 618,Address 619,,,,United States,,,,49026637,stripe,visa,7727,ch_3QZm2nLpAglNISLQ0e5lyiXx,,,no,,,yes,,Name 617,Name 618,Email 208,Address 620,,yes,,Donor 1034,paid,,
Name 619,Company 209,Donor 1035,Donor 1036,Donor 1037,no,Oliveseed General Campaign,Description 756,156.48,0.00,Description 757,156.48,USD,156.48,3.74,2.74,,6.48,150.00,150.00,150.00,yes,Donor 1038,,12/27/24 09:11:10,,Address 621,Address 622,Ann Arbor,,48108,United States,,,,49109677,stripe,mastercard,4555,ch_3Qah49LpAglNISLQ0VfZHFDC,,,no,,,yes,In memory of,Name 620,Name 621,Email 209,Address 623,,,,Donor 1039,paid,,
Name 622,Company 210,Donor 1040,Donor 1041,Donor 1042,no,Oliveseed General Campaign,Description 758,15.93,0.00,Description 759,15.93,USD,15.93,0.65,0.28,,0.93,15.00,15.00,15.00,yes,Donor 1043,,12/28/24 11:45:32,,Address 624,Address 625,Boulder,CO,80301,United States,,,,49151355,stripe,mastercard,7216,ch_3Qb5x4LpAglNISLQ0SKTUMSE,,,no,,,yes,,Name 623,Name 624,Email 210,Address 626,,yes,,Donor 1044,paid,,
Name 625,Company 211,Donor 1045,Donor 1046,Donor 1047,no,Oliveseed General Campaign,Description 760,150.00,0.00,Description 761,150.00,USD,150.00,3.6,2.62,,6.22,143.78,143.78,143.78,no,Donor 1048,,12/30/24 08:43:44,,Address 627,Address 628,,,,,,,,49230684,stripe,visa,0693,ch_3Qbm4CLpAglNISLQ0h7RSTmh,,,yes,2591397,2024-04-30,yes,,Name 626,Name 627,Email 211,Address 629,,,,Donor 1049,paid,,
Name 628,Company 212,Donor 1050,Donor 1051,Donor 1052,yes,Oliveseed General Campaign,Description 762,1000.00,0.00,Description 763,1000.00,USD,1000.00,22.3,17.50,,39.80,960.20,960.20,960.20,no,Donor 1053,,12/30/24 20:02:48,,Address 630,Address 631,Tucson,AZ,85750,United States,,,,49254382,stripe,mastercard,8157,ch_3QbwfPLpAglNISLQ0IVXRDE9,,,no,,,yes,,Name 629,Name 630,Email 212,Address 632,,,,Donor 1054,paid,,
Name 631,Company 213,Donor 1055,Donor 1056,Donor 1057,no,Oliveseed General Campaign,Description 764,260.59,0.00,Description 765,260.59,USD,260.59,9.12,4.56,,13.68,246.91,246.91,246.91,yes,Donor 1058,,12/30/24 21:08:57,,Address 633,Address 634,Emerald Hills,CA,94062,United States,,,,49255471,stripe,amex,8000,ch_3QbxhOLpAglNISLQ1pWdXAYe,,,no,,,yes,In memory of,Name 632,Name 633,Email 213,Address 635,For Michael at the New Year!,,,Donor 1059,paid,,
Name 634,Company 214,Donor 1060,Donor 1061,Donor 1062,yes,Oliveseed General Campaign,Description 766,50.00,0.00,Description 767,50.00,USD,50.00,1.4,0.88,,2.28,47.72,47.72,47.72,no,Donor 1063,,12/31/24 17:18:12,,Address 636,Address 637,Mountain View,CA,94040,United States,,,,49313100,stripe,visa,3370,ch_3QcGZdLpAglNISLQ12R2UkKt,,,no,,,no,,Name 635,Name 636,Email 214,Address 638,,yes,,Donor 1064,paid,,
